6kgrv4qeaaaa,royaloak,Royal Oak
6kgrvlaeaaaa,northpark,North Park
6kgrvlieaaaa,vicwest,Vic West
6kgrvlqeaaaa,northjubilee,North Jubilee
6kgrvqseaaaa,prospectlake,Prospect Lake
6kgrv4seaaaa,broadmead,Broadmead
6kgrue2eaaaa,jamesbay,James Bay
6kgrvdceaaaa,gordonhead,Gordon Head
6kgrvlceaaaa,fernwoodnrg,Fernwood NRG
6kgrv5seaaaa,northquadra,North Quadra
6kgrvkleaaaa,mountviewcolquitz,Mount View Colquitz
6kgrueteaaaa,fairfield,Fairfield Gonzalez
6kgrv4teaaaa,falaise,Falaise
6kgrvlleaaaa,burnsidegorge,Burnside Gorge
6kgrvkeeaaaa,quadravillage,Quadra Village
6kgrvk4eaaaa,quadracedarhill,Quadra Cedar Hill
6kgrvvueaaaa,cordovabay,Cordova Bay
6kgrvlueaaaa,southjubilee,South Jubilee
6kgrvafeaaaa,cadborobay,Cadboro Bay
6kgrvineaaaa,rockland,Rockland
6kgrvkneaaaa,gorgetillicum,Gorge Tillicum
6kgrvi5eaaaa,camosun,Camosun
6kgrvlfeaaaa,downtownresidents,Downtown Residents
6kgrvlveaaaa,fernwoodca,Fernwood Community and Arts
6kgrv5veaaaa,carey,Carey Area
6kgrvkgeaaaa,oaklands,Oaklands
6kgrvkweaaaa,mounttolmie,Mount Tolmie
6kgrvdoeaaaa,blenkinsop,Blenkinsop Valley
